Epochs,Learning Rate,Depth,Width,Mean
10,0.001,2,15,23.49866039713706
20,0.001,2,15,38.95123433556977
30,0.001,2,15,48.5616781141312
40,0.001,2,15,51.283298774850074
50,0.001,2,15,53.20181342192776
60,0.001,2,15,54.43531529102394
70,0.001,2,15,54.9854704442291
80,0.001,2,15,55.07843781084513
90,0.001,2,15,55.18250606260896
100,0.001,2,15,55.41736309480634
10,0.001,2,5,12.538539218169566
20,0.001,2,5,16.75286453355593
