{
    "task_1_epoch_0": [
        30.354609929078013
    ],
    "task_1_epoch_1": [
        99.90543735224587
    ],
    "task_1_epoch_2": [
        99.90543735224587
    ],
    "task_1_epoch_5": [
        99.90543735224587
    ],
    "task_1_epoch_10": [
        99.90543735224587
    ],
    "task_1_epoch_25": [
        99.95271867612293
    ],
    "task_1_epoch_40": [
        99.95271867612293
    ],
    "task_1_epoch_45": [
        99.95271867612293
    ],
    "task_1_epoch_48": [
        99.95271867612293
    ],
    "task_1_epoch_49": [
        99.95271867612293
    ],
    "task_2_epoch_0": [
        99.81087470449172,
        10.039177277179236
    ],
    "task_2_epoch_1": [
        99.90543735224587,
        17.091087169441725
    ],
    "task_2_epoch_2": [
        99.8581560283688,
        32.95788442703232
    ],
    "task_2_epoch_5": [
        99.81087470449172,
        57.639569049951035
    ],
    "task_2_epoch_10": [
        99.62174940898345,
        66.60137120470128
    ],
    "task_2_epoch_25": [
        99.2434988179669,
        72.23310479921645
    ],
    "task_2_epoch_40": [
        98.58156028368793,
        74.28991185112635
    ],
    "task_2_epoch_45": [
        98.53427895981088,
        74.43682664054847
    ],
    "task_2_epoch_48": [
        98.4869976359338,
        74.73065621939276
    ],
    "task_2_epoch_49": [
        98.4869976359338,
        74.68168462291871
    ],
    "task_3_epoch_0": [
        98.43971631205673,
        74.97551420176298,
        0.5869797225186766
    ],
    "task_3_epoch_1": [
        98.43971631205673,
        75.1224289911851,
        1.0672358591248665
    ],
    "task_3_epoch_2": [
        98.39243498817967,
        75.41625857002938,
        3.4151547491995733
    ],
    "task_3_epoch_5": [
        98.4869976359338,
        74.97551420176298,
        20.064034151547492
    ],
    "task_3_epoch_10": [
        98.2033096926714,
        68.3643486777669,
        48.07897545357524
    ],
    "task_3_epoch_25": [
        93.75886524822695,
        52.98726738491675,
        71.13127001067235
    ],
    "task_3_epoch_40": [
        89.9290780141844,
        48.77571008814887,
        77.96157950907151
    ],
    "task_3_epoch_45": [
        88.88888888888889,
        47.89422135161606,
        79.02881536819638
    ],
    "task_3_epoch_48": [
        88.22695035460994,
        47.30656219392752,
        79.77588046958378
    ],
    "task_3_epoch_49": [
        87.94326241134752,
        47.0617042115573,
        79.82924226254002
    ],
    "task_4_epoch_0": [
        87.94326241134752,
        46.86581782566112,
        79.98932764140875,
        0.050352467270896276
    ],
    "task_4_epoch_1": [
        86.99763593380615,
        45.98432908912831,
        81.48345784418356,
        0.10070493454179255
    ],
    "task_4_epoch_2": [
        86.66666666666667,
        46.18021547502448,
        81.43009605122732,
        0.7552870090634441
    ],
    "task_4_epoch_5": [
        87.13947990543736,
        45.494613124387854,
        81.21664887940236,
        14.8539778449144
    ],
    "task_4_epoch_10": [
        87.70685579196218,
        44.07443682664055,
        80.7897545357524,
        39.07351460221551
    ],
    "task_4_epoch_25": [
        87.2340425531915,
        41.96865817825661,
        79.29562433297758,
        60.57401812688822
    ],
    "task_4_epoch_40": [
        86.99763593380615,
        40.1077375122429,
        77.85485592315902,
        69.88922457200403
    ],
    "task_4_epoch_45": [
        86.903073286052,
        39.47110675808032,
        77.42796157950907,
        71.19838872104734
    ],
    "task_4_epoch_48": [
        86.85579196217495,
        39.07933398628795,
        77.26787620064034,
        72.25579053373615
    ],
    "task_4_epoch_49": [
        86.85579196217495,
        38.93241919686582,
        77.16115261472785,
        72.45720040281974
    ],
    "task_5_epoch_0": [
        86.85579196217495,
        38.83447600391773,
        77.16115261472785,
        72.70896273917423,
        0.0
    ],
    "task_5_epoch_1": [
        86.19385342789599,
        37.75710088148874,
        76.57417289220918,
        73.26283987915407,
        0.05042864346949068
    ],
    "task_5_epoch_2": [
        86.14657210401892,
        37.36532810969638,
        76.89434364994663,
        72.9103726082578,
        0.15128593040847202
    ],
    "task_5_epoch_5": [
        86.52482269503547,
        36.72869735553379,
        77.00106723585913,
        71.95367573011077,
        2.26928895612708
    ],
    "task_5_epoch_10": [
        87.84869976359339,
        36.67972575905974,
        76.30736392742796,
        70.84592145015107,
        6.757438224911749
    ],
    "task_5_epoch_25": [
        90.82742316784869,
        37.31635651322233,
        72.94557097118464,
        69.28499496475328,
        17.75088250126072
    ],
    "task_5_epoch_40": [
        91.53664302600473,
        36.67972575905974,
        71.13127001067235,
        68.7311178247734,
        26.27332324760464
    ],
    "task_5_epoch_45": [
        91.5839243498818,
        36.67972575905974,
        70.11739594450374,
        68.7311178247734,
        27.786182551689357
    ],
    "task_5_epoch_48": [
        91.63120567375887,
        36.33692458374143,
        69.85058697972252,
        68.8821752265861,
        29.551185073121534
    ],
    "task_5_epoch_49": [
        91.63120567375887,
        35.84720861900098,
        69.5837780149413,
        68.932527693857,
        30.05547150781644
    ]
}