{
    "task_1_epoch_0": [
        75.27186761229314
    ],
    "task_1_epoch_1": [
        99.81087470449172
    ],
    "task_1_epoch_2": [
        99.8581560283688
    ],
    "task_1_epoch_5": [
        99.90543735224587
    ],
    "task_1_epoch_10": [
        99.90543735224587
    ],
    "task_1_epoch_25": [
        99.95271867612293
    ],
    "task_1_epoch_40": [
        99.95271867612293
    ],
    "task_1_epoch_45": [
        99.90543735224587
    ],
    "task_1_epoch_48": [
        99.90543735224587
    ],
    "task_1_epoch_49": [
        99.90543735224587
    ],
    "task_2_epoch_0": [
        99.8581560283688,
        7.8354554358472095
    ],
    "task_2_epoch_1": [
        99.8581560283688,
        16.748285994123407
    ],
    "task_2_epoch_2": [
        99.8581560283688,
        37.56121449559255
    ],
    "task_2_epoch_5": [
        99.76359338061465,
        59.54946131243879
    ],
    "task_2_epoch_10": [
        99.66903073286052,
        67.28697355533791
    ],
    "task_2_epoch_25": [
        99.05437352245863,
        72.86973555337904
    ],
    "task_2_epoch_40": [
        98.72340425531915,
        74.63271302644466
    ],
    "task_2_epoch_45": [
        98.62884160756501,
        75.95494613124389
    ],
    "task_2_epoch_48": [
        98.62884160756501,
        75.17140058765915
    ],
    "task_2_epoch_49": [
        98.58156028368793,
        75.90597453476984
    ],
    "task_3_epoch_0": [
        98.4869976359338,
        76.34671890303623,
        0.0
    ],
    "task_3_epoch_1": [
        98.25059101654846,
        77.52203721841332,
        0.6403415154749199
    ],
    "task_3_epoch_2": [
        98.53427895981088,
        77.13026444662096,
        2.40128068303095
    ],
    "task_3_epoch_5": [
        98.86524822695036,
        74.97551420176298,
        21.66488794023479
    ],
    "task_3_epoch_10": [
        98.39243498817967,
        65.62193927522037,
        49.6264674493063
    ],
    "task_3_epoch_25": [
        91.53664302600473,
        52.05680705190989,
        72.19850586979723
    ],
    "task_3_epoch_40": [
        85.57919621749409,
        46.18021547502448,
        77.64140875133404
    ],
    "task_3_epoch_45": [
        84.49172576832152,
        45.20078354554358,
        78.86872998932765
    ],
    "task_3_epoch_48": [
        84.53900709219859,
        45.34769833496572,
        79.50907150480256
    ],
    "task_3_epoch_49": [
        84.34988179669031,
        45.29872673849167,
        79.72251867662753
    ],
    "task_4_epoch_0": [
        84.34988179669031,
        45.29872673849167,
        79.98932764140875,
        0.0
    ],
    "task_4_epoch_1": [
        83.54609929078013,
        46.86581782566112,
        79.1889007470651,
        0.0
    ],
    "task_4_epoch_2": [
        82.93144208037825,
        47.110675808031345,
        78.76200640341516,
        0.10070493454179255
    ],
    "task_4_epoch_5": [
        81.84397163120568,
        47.110675808031345,
        78.86872998932765,
        14.400805639476335
    ],
    "task_4_epoch_10": [
        81.60756501182033,
        46.278158667972576,
        78.7086446104589,
        38.318227593152066
    ],
    "task_4_epoch_25": [
        82.31678486997636,
        42.99706170421156,
        78.22838847385272,
        59.71802618328298
    ],
    "task_4_epoch_40": [
        82.5531914893617,
        40.1077375122429,
        77.32123799359658,
        67.37160120845923
    ],
    "task_4_epoch_45": [
        82.6950354609929,
        39.03036238981391,
        76.89434364994663,
        69.53675730110776
    ],
    "task_4_epoch_48": [
        82.74231678486997,
        38.491674828599415,
        76.57417289220918,
        70.59415911379658
    ],
    "task_4_epoch_49": [
        82.74231678486997,
        38.44270323212537,
        76.62753468516541,
        70.84592145015107
    ],
    "task_5_epoch_0": [
        82.12765957446808,
        33.44760039177277,
        72.51867662753469,
        68.7311178247734,
        26.928895612708022
    ],
    "task_5_epoch_1": [
        82.50591016548464,
        38.68756121449559,
        76.57417289220918,
        70.79556898288017,
        0.2521432173474533
    ],
    "task_5_epoch_2": [
        82.64775413711584,
        38.00195886385897,
        77.21451440768409,
        70.39274924471299,
        0.5042864346949066
    ],
    "task_5_epoch_5": [
        83.5933806146572,
        36.97355533790402,
        77.42796157950907,
        69.78851963746223,
        4.084720121028744
    ],
    "task_5_epoch_10": [
        84.91725768321513,
        36.23898139079334,
        76.46744930629669,
        69.43605236656596,
        9.732728189611699
    ],
    "task_5_epoch_25": [
        87.99054373522459,
        35.50440744368266,
        72.78548559231591,
        68.47935548841893,
        22.440746343923347
    ],
    "task_5_epoch_40": [
        89.26713947990544,
        34.52497551420176,
        70.11739594450374,
        67.7240684793555,
        31.568330811901156
    ],
    "task_5_epoch_45": [
        89.1725768321513,
        34.1332027424094,
        69.2102454642476,
        67.6233635448137,
        34.29147755925366
    ],
    "task_5_epoch_48": [
        89.40898345153664,
        33.74142997061704,
        68.8367129135539,
        67.6233635448137,
        35.400907715582456
    ],
    "task_5_epoch_49": [
        89.26713947990544,
        33.79040156709109,
        68.51654215581644,
        67.6233635448137,
        36.00605143721634
    ]
}