{
    "task_1_epoch_0": [
        53.61702127659574
    ],
    "task_1_epoch_1": [
        99.76359338061465
    ],
    "task_1_epoch_2": [
        99.8581560283688
    ],
    "task_1_epoch_5": [
        99.90543735224587
    ],
    "task_1_epoch_10": [
        99.90543735224587
    ],
    "task_1_epoch_25": [
        99.90543735224587
    ],
    "task_1_epoch_40": [
        99.90543735224587
    ],
    "task_1_epoch_45": [
        99.90543735224587
    ],
    "task_1_epoch_48": [
        99.90543735224587
    ],
    "task_1_epoch_49": [
        99.90543735224587
    ],
    "task_2_epoch_0": [
        99.81087470449172,
        5.093046033300686
    ],
    "task_2_epoch_1": [
        99.8581560283688,
        11.704211557296768
    ],
    "task_2_epoch_2": [
        99.8581560283688,
        27.179236043095006
    ],
    "task_2_epoch_5": [
        99.81087470449172,
        54.06464250734574
    ],
    "task_2_epoch_10": [
        99.76359338061465,
        64.98530852105779
    ],
    "task_2_epoch_25": [
        99.2434988179669,
        72.13516160626835
    ],
    "task_2_epoch_40": [
        98.86524822695036,
        74.48579823702252
    ],
    "task_2_epoch_45": [
        98.77068557919621,
        74.97551420176298
    ],
    "task_2_epoch_48": [
        98.67612293144208,
        75.56317335945153
    ],
    "task_2_epoch_49": [
        98.53427895981088,
        75.6611165523996
    ],
    "task_3_epoch_0": [
        98.53427895981088,
        75.46523016650343,
        3.468516542155817
    ],
    "task_3_epoch_1": [
        98.4869976359338,
        76.7384916748286,
        1.2806830309498398
    ],
    "task_3_epoch_2": [
        98.58156028368793,
        76.78746327130264,
        3.5218783351120595
    ],
    "task_3_epoch_5": [
        98.72340425531915,
        75.17140058765915,
        19.477054429028815
    ],
    "task_3_epoch_10": [
        98.53427895981088,
        68.90303623898139,
        47.38527214514407
    ],
    "task_3_epoch_25": [
        93.14420803782507,
        55.38687561214496,
        71.23799359658484
    ],
    "task_3_epoch_40": [
        88.03782505910166,
        49.853085210577866,
        77.5880469583778
    ],
    "task_3_epoch_45": [
        86.95035460992908,
        48.67776689520078,
        79.1889007470651
    ],
    "task_3_epoch_48": [
        86.71394799054374,
        48.67776689520078,
        79.72251867662753
    ],
    "task_3_epoch_49": [
        86.57210401891253,
        48.188050930460335,
        79.88260405549626
    ],
    "task_4_epoch_0": [
        86.33569739952719,
        47.45347698334966,
        79.72251867662753,
        2.6183282980866065
    ],
    "task_4_epoch_1": [
        85.86288416075651,
        47.89422135161606,
        80.20277481323373,
        0.25176233635448136
    ],
    "task_4_epoch_2": [
        86.00472813238771,
        49.0205680705191,
        80.042689434365,
        1.2084592145015105
    ],
    "task_4_epoch_5": [
        87.13947990543736,
        48.77571008814887,
        79.50907150480256,
        20.54380664652568
    ],
    "task_4_epoch_10": [
        87.75413711583924,
        47.60039177277179,
        79.72251867662753,
        41.893252769385704
    ],
    "task_4_epoch_25": [
        87.04491725768322,
        44.51518119490696,
        78.97545357524012,
        62.33635448136958
    ],
    "task_4_epoch_40": [
        86.28841607565012,
        41.919686581782564,
        78.22838847385272,
        70.49345417925478
    ],
    "task_4_epoch_45": [
        86.14657210401892,
        41.33202742409402,
        77.74813233724653,
        71.75226586102718
    ],
    "task_4_epoch_48": [
        86.09929078014184,
        40.69539666993144,
        77.5880469583778,
        73.0110775427996
    ],
    "task_4_epoch_49": [
        86.05200945626478,
        40.59745347698335,
        77.53468516542156,
        73.31319234642497
    ],
    "task_5_epoch_0": [
        86.00472813238771,
        39.618021547502444,
        75.72038420490928,
        73.56495468277946,
        1.361573373676248
    ],
    "task_5_epoch_1": [
        86.85579196217495,
        39.81390793339863,
        78.54855923159018,
        73.26283987915407,
        0.30257186081694404
    ],
    "task_5_epoch_2": [
        86.66666666666667,
        38.83447600391773,
        78.76200640341516,
        72.9607250755287,
        0.9077155824508321
    ],
    "task_5_epoch_5": [
        87.13947990543736,
        37.95298726738492,
        78.60192102454643,
        72.75931520644512,
        4.185577407967726
    ],
    "task_5_epoch_10": [
        87.84869976359339,
        37.80607247796278,
        77.05442902881536,
        72.35649546827794,
        8.925869894099849
    ],
    "task_5_epoch_25": [
        90.16548463356973,
        38.540646425073454,
        73.47918890074706,
        72.25579053373615,
        21.6338880484115
    ],
    "task_5_epoch_40": [
        90.68557919621749,
        38.491674828599415,
        70.4375667022412,
        71.75226586102718,
        29.299041855774078
    ],
    "task_5_epoch_45": [
        90.78014184397163,
        38.14887365328109,
        69.42369263607257,
        71.6515609264854,
        31.06404437720625
    ],
    "task_5_epoch_48": [
        90.96926713947991,
        37.95298726738492,
        68.8367129135539,
        71.6012084592145,
        32.274331820474025
    ],
    "task_5_epoch_49": [
        91.01654846335697,
        38.19784524975514,
        68.51654215581644,
        71.50050352467271,
        32.57690368129097
    ]
}