{
    "task_1_epoch_0": [
        41.22931442080378
    ],
    "task_1_epoch_1": [
        99.90543735224587
    ],
    "task_1_epoch_2": [
        99.8581560283688
    ],
    "task_1_epoch_5": [
        99.90543735224587
    ],
    "task_1_epoch_10": [
        99.95271867612293
    ],
    "task_1_epoch_25": [
        99.95271867612293
    ],
    "task_1_epoch_40": [
        99.95271867612293
    ],
    "task_1_epoch_45": [
        99.95271867612293
    ],
    "task_1_epoch_48": [
        99.95271867612293
    ],
    "task_1_epoch_49": [
        99.95271867612293
    ],
    "task_2_epoch_0": [
        99.95271867612293,
        0.0
    ],
    "task_2_epoch_1": [
        99.90543735224587,
        14.789422135161606
    ],
    "task_2_epoch_2": [
        99.90543735224587,
        33.05582761998041
    ],
    "task_2_epoch_5": [
        99.81087470449172,
        56.023506366307544
    ],
    "task_2_epoch_10": [
        99.52718676122932,
        66.50342801175319
    ],
    "task_2_epoch_25": [
        98.91252955082741,
        72.03721841332028
    ],
    "task_2_epoch_40": [
        98.62884160756501,
        75.07345739471106
    ],
    "task_2_epoch_45": [
        98.53427895981088,
        75.31831537708129
    ],
    "task_2_epoch_48": [
        98.3451536643026,
        76.10186092066601
    ],
    "task_2_epoch_49": [
        98.39243498817967,
        75.51420176297748
    ],
    "task_3_epoch_0": [
        98.29787234042553,
        75.95494613124389,
        0.16008537886872998
    ],
    "task_3_epoch_1": [
        98.4869976359338,
        75.6611165523996,
        1.4941302027748131
    ],
    "task_3_epoch_2": [
        98.67612293144208,
        74.58374142997062,
        5.549626467449306
    ],
    "task_3_epoch_5": [
        98.77068557919621,
        72.33104799216454,
        24.97331910352188
    ],
    "task_3_epoch_10": [
        98.53427895981088,
        66.307541625857,
        50.640341515474915
    ],
    "task_3_epoch_25": [
        92.48226950354609,
        54.94613124387855,
        72.78548559231591
    ],
    "task_3_epoch_40": [
        87.2340425531915,
        49.41234084231146,
        77.74813233724653
    ],
    "task_3_epoch_45": [
        86.09929078014184,
        48.33496571988247,
        79.08217716115261
    ],
    "task_3_epoch_48": [
        85.86288416075651,
        48.28599412340842,
        79.61579509071505
    ],
    "task_3_epoch_49": [
        85.34278959810875,
        47.69833496571989,
        79.93596584845251
    ],
    "task_4_epoch_0": [
        84.63356973995272,
        47.110675808031345,
        79.98932764140875,
        0.0
    ],
    "task_4_epoch_1": [
        86.43026004728132,
        49.657198824681686,
        78.8153681963714,
        0.10070493454179255
    ],
    "task_4_epoch_2": [
        86.80851063829788,
        51.42017629774731,
        78.17502668089648,
        0.5538771399798591
    ],
    "task_4_epoch_5": [
        86.43026004728132,
        52.44857982370226,
        77.48132337246531,
        12.03423967774421
    ],
    "task_4_epoch_10": [
        85.72104018912529,
        50.489715964740455,
        77.80149413020277,
        34.69284994964753
    ],
    "task_4_epoch_25": [
        84.30260047281324,
        46.47404505386876,
        77.96157950907151,
        58.55991943605237
    ],
    "task_4_epoch_40": [
        83.64066193853428,
        44.417238001958864,
        77.74813233724653,
        67.6737160120846
    ],
    "task_4_epoch_45": [
        83.3096926713948,
        43.92752203721842,
        77.42796157950907,
        69.88922457200403
    ],
    "task_4_epoch_48": [
        83.1678486997636,
        43.68266405484819,
        77.26787620064034,
        70.69486404833837
    ],
    "task_4_epoch_49": [
        83.1678486997636,
        43.73163565132223,
        77.21451440768409,
        70.94662638469285
    ],
    "task_5_epoch_0": [
        83.07328605200945,
        43.192948090107734,
        76.7342582710779,
        71.09768378650554,
        0.10085728693898136
    ],
    "task_5_epoch_1": [
        83.82978723404256,
        43.780607247796276,
        77.21451440768409,
        69.98992950654582,
        0.0
    ],
    "task_5_epoch_2": [
        83.451536643026,
        42.40940254652302,
        77.90821771611526,
        69.63746223564955,
        0.10085728693898136
    ],
    "task_5_epoch_5": [
        85.01182033096927,
        41.47894221351616,
        77.90821771611526,
        69.13393756294059,
        1.2607160867372669
    ],
    "task_5_epoch_10": [
        87.13947990543736,
        41.52791380999021,
        76.57417289220918,
        68.932527693857,
        6.202723146747353
    ],
    "task_5_epoch_25": [
        88.74704491725768,
        40.842311459353574,
        72.51867662753469,
        68.7311178247734,
        21.68431669188099
    ],
    "task_5_epoch_40": [
        88.5579196217494,
        39.569049951028404,
        70.33084311632871,
        68.07653575025176,
        31.719616742309633
    ],
    "task_5_epoch_45": [
        88.4160756501182,
        38.883447600391776,
        69.42369263607257,
        67.82477341389728,
        33.88804841149773
    ],
    "task_5_epoch_48": [
        88.22695035460994,
        38.44270323212537,
        69.2102454642476,
        67.92547834843907,
        34.846192637418056
    ],
    "task_5_epoch_49": [
        88.36879432624114,
        38.63858961802155,
        68.89007470651013,
        67.87512588116817,
        35.09833585476551
    ]
}