{
    "task_1_epoch_0": [
        73.66430260047281
    ],
    "task_1_epoch_1": [
        99.76359338061465
    ],
    "task_1_epoch_2": [
        99.90543735224587
    ],
    "task_1_epoch_5": [
        99.90543735224587
    ],
    "task_1_epoch_10": [
        99.90543735224587
    ],
    "task_1_epoch_25": [
        99.90543735224587
    ],
    "task_1_epoch_40": [
        99.90543735224587
    ],
    "task_1_epoch_45": [
        99.90543735224587
    ],
    "task_1_epoch_48": [
        99.90543735224587
    ],
    "task_1_epoch_49": [
        99.90543735224587
    ],
    "task_2_epoch_0": [
        99.90543735224587,
        4.995102840352596
    ],
    "task_2_epoch_1": [
        99.90543735224587,
        14.005876591576886
    ],
    "task_2_epoch_2": [
        99.8581560283688,
        33.79040156709109
    ],
    "task_2_epoch_5": [
        99.8581560283688,
        58.27619980411362
    ],
    "task_2_epoch_10": [
        99.8581560283688,
        67.38491674828599
    ],
    "task_2_epoch_25": [
        99.47990543735224,
        73.50636630754163
    ],
    "task_2_epoch_40": [
        99.29078014184397,
        75.26934378060724
    ],
    "task_2_epoch_45": [
        99.29078014184397,
        75.90597453476984
    ],
    "task_2_epoch_48": [
        99.29078014184397,
        75.85700293829579
    ],
    "task_2_epoch_49": [
        99.10165484633569,
        76.54260528893242
    ],
    "task_3_epoch_0": [
        99.05437352245863,
        75.6611165523996,
        5.389541088580576
    ],
    "task_3_epoch_1": [
        99.2434988179669,
        75.85700293829579,
        0.6403415154749199
    ],
    "task_3_epoch_2": [
        99.19621749408984,
        75.71008814887365,
        4.002134471718249
    ],
    "task_3_epoch_5": [
        99.19621749408984,
        75.17140058765915,
        19.957310565635005
    ],
    "task_3_epoch_10": [
        99.10165484633569,
        69.8824681684623,
        46.85165421558165
    ],
    "task_3_epoch_25": [
        93.42789598108747,
        57.10088148873653,
        72.03842049092849
    ],
    "task_3_epoch_40": [
        87.61229314420804,
        50.734573947110675,
        78.8153681963714
    ],
    "task_3_epoch_45": [
        86.4775413711584,
        50.0,
        80.042689434365
    ],
    "task_3_epoch_48": [
        85.39007092198581,
        48.62879529872674,
        80.57630736392743
    ],
    "task_3_epoch_49": [
        85.1063829787234,
        48.237022526934375,
        80.68303094983992
    ],
    "task_4_epoch_0": [
        85.34278959810875,
        48.72673849167482,
        80.94983991462114,
        0.0
    ],
    "task_4_epoch_1": [
        83.26241134751773,
        53.81978452497551,
        80.89647812166488,
        0.10070493454179255
    ],
    "task_4_epoch_2": [
        83.3096926713948,
        56.31733594515181,
        80.042689434365,
        0.6042296072507553
    ],
    "task_4_epoch_5": [
        85.53191489361703,
        55.23996082272282,
        79.50907150480256,
        13.695871097683787
    ],
    "task_4_epoch_10": [
        87.2340425531915,
        52.25269343780607,
        79.13553895410885,
        36.908358509566966
    ],
    "task_4_epoch_25": [
        87.99054373522459,
        48.67776689520078,
        78.33511205976521,
        59.4159113796576
    ],
    "task_4_epoch_40": [
        87.70685579196218,
        46.32713026444662,
        78.06830309498399,
        67.82477341389728
    ],
    "task_4_epoch_45": [
        87.56501182033098,
        45.5435847208619,
        77.6947705442903,
        70.09063444108762
    ],
    "task_4_epoch_48": [
        87.47044917257683,
        45.1028403525955,
        77.5880469583778,
        70.94662638469285
    ],
    "task_4_epoch_49": [
        87.47044917257683,
        44.85798237022527,
        77.5880469583778,
        71.34944612286002
    ],
    "task_5_epoch_0": [
        87.47044917257683,
        44.613124387855045,
        77.48132337246531,
        71.6515609264854,
        0.0
    ],
    "task_5_epoch_1": [
        86.7612293144208,
        42.99706170421156,
        77.64140875133404,
        71.09768378650554,
        0.0
    ],
    "task_5_epoch_2": [
        86.38297872340426,
        41.870714985308524,
        77.96157950907151,
        71.19838872104734,
        0.15128593040847202
    ],
    "task_5_epoch_5": [
        86.71394799054374,
        41.33202742409402,
        77.80149413020277,
        70.59415911379658,
        2.4205748865355523
    ],
    "task_5_epoch_10": [
        87.56501182033098,
        41.919686581782564,
        77.32123799359658,
        70.04028197381672,
        8.421583459404943
    ],
    "task_5_epoch_25": [
        89.59810874704492,
        42.40940254652302,
        74.70651013874067,
        69.33534743202418,
        21.23045890065557
    ],
    "task_5_epoch_40": [
        90.30732860520094,
        41.33202742409402,
        72.25186766275347,
        67.97583081570997,
        30.811901159858802
    ],
    "task_5_epoch_45": [
        90.2127659574468,
        40.59745347698335,
        71.13127001067235,
        67.7240684793555,
        32.9803328290469
    ],
    "task_5_epoch_48": [
        90.26004728132388,
        40.74436826640549,
        70.8110992529349,
        67.5226586102719,
        34.39233484619263
    ],
    "task_5_epoch_49": [
        90.26004728132388,
        40.89128305582762,
        70.27748132337247,
        67.5226586102719,
        34.5940494200706
    ]
}