{
    "task_1_epoch_0": [
        52.95508274231678
    ],
    "task_1_epoch_1": [
        99.71631205673759
    ],
    "task_1_epoch_2": [
        99.81087470449172
    ],
    "task_1_epoch_5": [
        99.8581560283688
    ],
    "task_1_epoch_10": [
        99.90543735224587
    ],
    "task_1_epoch_25": [
        99.90543735224587
    ],
    "task_1_epoch_40": [
        99.90543735224587
    ],
    "task_1_epoch_45": [
        99.90543735224587
    ],
    "task_1_epoch_48": [
        99.90543735224587
    ],
    "task_1_epoch_49": [
        99.90543735224587
    ],
    "task_2_epoch_0": [
        99.81087470449172,
        10.430950048971596
    ],
    "task_2_epoch_1": [
        99.90543735224587,
        17.042115572967678
    ],
    "task_2_epoch_2": [
        99.90543735224587,
        34.62291870714985
    ],
    "task_2_epoch_5": [
        99.90543735224587,
        57.10088148873653
    ],
    "task_2_epoch_10": [
        99.90543735224587,
        65.67091087169442
    ],
    "task_2_epoch_25": [
        99.38534278959811,
        71.74338883447601
    ],
    "task_2_epoch_40": [
        98.86524822695036,
        74.04505386875611
    ],
    "task_2_epoch_45": [
        98.29787234042553,
        74.58374142997062
    ],
    "task_2_epoch_48": [
        98.2033096926714,
        74.82859941234085
    ],
    "task_2_epoch_49": [
        98.0614657210402,
        75.31831537708129
    ],
    "task_3_epoch_0": [
        98.0614657210402,
        75.46523016650343,
        0.16008537886872998
    ],
    "task_3_epoch_1": [
        98.58156028368793,
        75.31831537708129,
        1.6008537886872998
    ],
    "task_3_epoch_2": [
        98.86524822695036,
        75.17140058765915,
        4.055496264674493
    ],
    "task_3_epoch_5": [
        98.86524822695036,
        72.67384916748286,
        21.985058697972253
    ],
    "task_3_epoch_10": [
        98.2033096926714,
        63.8099902056807,
        49.73319103521878
    ],
    "task_3_epoch_25": [
        90.2127659574468,
        49.60822722820764,
        72.78548559231591
    ],
    "task_3_epoch_40": [
        84.77541371158392,
        45.73947110675808,
        79.45570971184632
    ],
    "task_3_epoch_45": [
        83.54609929078013,
        45.004897159647406,
        80.57630736392743
    ],
    "task_3_epoch_48": [
        82.50591016548464,
        44.36826640548482,
        81.2700106723586
    ],
    "task_3_epoch_49": [
        83.1678486997636,
        44.85798237022527,
        81.05656350053361
    ],
    "task_4_epoch_0": [
        82.08037825059101,
        44.1234084231146,
        81.37673425827107,
        0.10070493454179255
    ],
    "task_4_epoch_1": [
        80.1418439716312,
        46.32713026444662,
        81.32337246531483,
        0.0
    ],
    "task_4_epoch_2": [
        79.71631205673759,
        47.89422135161606,
        81.05656350053361,
        0.10070493454179255
    ],
    "task_4_epoch_5": [
        80.09456264775415,
        49.853085210577866,
        80.46958377801494,
        10.976837865055387
    ],
    "task_4_epoch_10": [
        80.99290780141844,
        48.33496571988247,
        79.98932764140875,
        33.383685800604226
    ],
    "task_4_epoch_25": [
        80.28368794326242,
        45.5435847208619,
        79.61579509071505,
        57.90533736153072
    ],
    "task_4_epoch_40": [
        79.71631205673759,
        43.29089128305583,
        78.8153681963714,
        67.5226586102719
    ],
    "task_4_epoch_45": [
        79.57446808510639,
        42.703232125367286,
        78.65528281750267,
        69.58710976837865
    ],
    "task_4_epoch_48": [
        79.47990543735224,
        42.311459353574925,
        78.49519743863394,
        70.54380664652568
    ],
    "task_4_epoch_49": [
        79.47990543735224,
        42.066601371204705,
        78.33511205976521,
        70.94662638469285
    ],
    "task_5_epoch_0": [
        79.47990543735224,
        41.96865817825661,
        78.12166488794023,
        71.29909365558912,
        0.0
    ],
    "task_5_epoch_1": [
        79.14893617021276,
        39.128305582761996,
        79.1889007470651,
        70.64451158106748,
        0.0
    ],
    "task_5_epoch_2": [
        79.43262411347519,
        38.19784524975514,
        79.66915688367129,
        70.34239677744209,
        0.0
    ],
    "task_5_epoch_5": [
        80.6146572104019,
        38.34476003917728,
        78.76200640341516,
        69.83887210473313,
        2.1684316691880987
    ],
    "task_5_epoch_10": [
        83.5933806146572,
        39.86287952987267,
        77.5880469583778,
        69.23464249748238,
        6.555723651033787
    ],
    "task_5_epoch_25": [
        86.66666666666667,
        41.57688540646426,
        73.90608324439701,
        68.932527693857,
        17.246596066565807
    ],
    "task_5_epoch_40": [
        87.3758865248227,
        41.038197845249755,
        70.49092849519744,
        67.5730110775428,
        26.42460917801311
    ],
    "task_5_epoch_45": [
        87.75413711583924,
        40.94025465230167,
        69.42369263607257,
        67.01913393756294,
        29.097327281896117
    ],
    "task_5_epoch_48": [
        87.61229314420804,
        40.25465230166503,
        69.05016008537886,
        66.91842900302115,
        30.257186081694403
    ],
    "task_5_epoch_49": [
        87.47044917257683,
        40.1077375122429,
        68.8367129135539,
        66.86807653575025,
        30.559757942511347
    ]
}