{
    "task_1_epoch_0": [
        28.60520094562648
    ],
    "task_1_epoch_1": [
        99.57446808510639
    ],
    "task_1_epoch_2": [
        99.66903073286052
    ],
    "task_1_epoch_5": [
        99.81087470449172
    ],
    "task_1_epoch_10": [
        99.90543735224587
    ],
    "task_1_epoch_25": [
        99.95271867612293
    ],
    "task_1_epoch_40": [
        99.90543735224587
    ],
    "task_1_epoch_45": [
        99.90543735224587
    ],
    "task_1_epoch_48": [
        99.90543735224587
    ],
    "task_1_epoch_49": [
        99.90543735224587
    ],
    "task_2_epoch_0": [
        99.76359338061465,
        18.90303623898139
    ],
    "task_2_epoch_1": [
        99.90543735224587,
        13.809990205680705
    ],
    "task_2_epoch_2": [
        99.81087470449172,
        32.615083251714005
    ],
    "task_2_epoch_5": [
        99.76359338061465,
        57.83545543584721
    ],
    "task_2_epoch_10": [
        99.57446808510639,
        66.45445641527914
    ],
    "task_2_epoch_25": [
        99.2434988179669,
        72.57590597453478
    ],
    "task_2_epoch_40": [
        98.62884160756501,
        74.82859941234085
    ],
    "task_2_epoch_45": [
        98.3451536643026,
        75.31831537708129
    ],
    "task_2_epoch_48": [
        98.39243498817967,
        75.31831537708129
    ],
    "task_2_epoch_49": [
        98.39243498817967,
        75.2203721841332
    ],
    "task_3_epoch_0": [
        98.39243498817967,
        75.17140058765915,
        0.0
    ],
    "task_3_epoch_1": [
        98.43971631205673,
        75.51420176297748,
        0.3735325506937033
    ],
    "task_3_epoch_2": [
        98.53427895981088,
        75.46523016650343,
        1.8676627534685166
    ],
    "task_3_epoch_5": [
        98.3451536643026,
        73.84916748285994,
        15.688367129135539
    ],
    "task_3_epoch_10": [
        97.54137115839244,
        67.18903036238981,
        44.45037353255069
    ],
    "task_3_epoch_25": [
        86.4775413711584,
        54.309500489715965,
        70.97118463180362
    ],
    "task_3_epoch_40": [
        80.94562647754137,
        50.19588638589618,
        77.6947705442903
    ],
    "task_3_epoch_45": [
        79.90543735224587,
        49.216454456415285,
        78.97545357524012
    ],
    "task_3_epoch_48": [
        79.38534278959811,
        48.33496571988247,
        79.82924226254002
    ],
    "task_3_epoch_49": [
        79.38534278959811,
        48.188050930460335,
        79.93596584845251
    ],
    "task_4_epoch_0": [
        79.43262411347519,
        48.28599412340842,
        80.25613660618997,
        0.0
    ],
    "task_4_epoch_1": [
        79.62174940898346,
        49.902056807051906,
        79.5624332977588,
        0.1510574018126888
    ],
    "task_4_epoch_2": [
        79.90543735224587,
        50.19588638589618,
        79.24226254002134,
        0.6042296072507553
    ],
    "task_4_epoch_5": [
        80.09456264775415,
        50.0,
        78.4418356456777,
        13.343403826787512
    ],
    "task_4_epoch_10": [
        80.6146572104019,
        48.579823702252696,
        78.28175026680897,
        38.62034239677744
    ],
    "task_4_epoch_25": [
        81.0401891252955,
        44.809010773751226,
        77.64140875133404,
        63.09164149043303
    ],
    "task_4_epoch_40": [
        81.0401891252955,
        42.65426052889324,
        77.32123799359658,
        71.95367573011077
    ],
    "task_4_epoch_45": [
        80.99290780141844,
        42.21351616062684,
        77.10779082177162,
        73.76636455186303
    ],
    "task_4_epoch_48": [
        80.99290780141844,
        42.115572967678744,
        76.94770544290289,
        74.52165156092649
    ],
    "task_4_epoch_49": [
        80.99290780141844,
        42.01762977473066,
        76.94770544290289,
        74.82376636455186
    ],
    "task_5_epoch_0": [
        80.94562647754137,
        40.05876591576885,
        75.66702241195304,
        74.47129909365559,
        10.943015632879476
    ],
    "task_5_epoch_1": [
        80.1418439716312,
        41.087169441723795,
        79.77588046958378,
        73.26283987915407,
        0.0
    ],
    "task_5_epoch_2": [
        79.71631205673759,
        40.89128305582762,
        80.25613660618997,
        72.8600201409869,
        0.10085728693898136
    ],
    "task_5_epoch_5": [
        79.57446808510639,
        40.40156709108717,
        79.82924226254002,
        72.80966767371602,
        1.361573373676248
    ],
    "task_5_epoch_10": [
        80.99290780141844,
        40.54848188050931,
        77.64140875133404,
        73.26283987915407,
        5.446293494704992
    ],
    "task_5_epoch_25": [
        83.87706855791961,
        41.429970617042116,
        71.77161152614728,
        73.61530715005036,
        19.41502773575391
    ],
    "task_5_epoch_40": [
        85.20094562647755,
        40.25465230166503,
        67.50266808964781,
        73.0110775427996,
        28.44175491679274
    ],
    "task_5_epoch_45": [
        85.29550827423168,
        39.17727717923604,
        65.84845250800427,
        72.9103726082578,
        31.114473020675742
    ],
    "task_5_epoch_48": [
        85.2482269503546,
        38.98139079333986,
        64.99466382070437,
        73.21248741188319,
        32.32476046394352
    ],
    "task_5_epoch_49": [
        85.43735224586288,
        38.78550440744368,
        64.78121664887941,
        73.1117824773414,
        32.72818961169944
    ]
}