{
    "task_1_epoch_0": [
        59.66903073286052
    ],
    "task_1_epoch_1": [
        99.71631205673759
    ],
    "task_1_epoch_2": [
        99.8581560283688
    ],
    "task_1_epoch_5": [
        99.90543735224587
    ],
    "task_1_epoch_10": [
        99.90543735224587
    ],
    "task_1_epoch_25": [
        99.90543735224587
    ],
    "task_1_epoch_40": [
        99.90543735224587
    ],
    "task_1_epoch_45": [
        99.90543735224587
    ],
    "task_1_epoch_48": [
        99.90543735224587
    ],
    "task_1_epoch_49": [
        99.90543735224587
    ],
    "task_2_epoch_0": [
        99.90543735224587,
        4.211557296767874
    ],
    "task_2_epoch_1": [
        99.90543735224587,
        16.65034280117532
    ],
    "task_2_epoch_2": [
        99.90543735224587,
        32.22331047992164
    ],
    "task_2_epoch_5": [
        99.8581560283688,
        55.72967678746327
    ],
    "task_2_epoch_10": [
        99.81087470449172,
        64.78942213516162
    ],
    "task_2_epoch_25": [
        99.43262411347517,
        71.10675808031341
    ],
    "task_2_epoch_40": [
        99.19621749408984,
        72.77179236043095
    ],
    "task_2_epoch_45": [
        99.10165484633569,
        73.01665034280117
    ],
    "task_2_epoch_48": [
        99.05437352245863,
        73.21253672869736
    ],
    "task_2_epoch_49": [
        99.00709219858156,
        73.40842311459353
    ],
    "task_3_epoch_0": [
        99.00709219858156,
        73.2615083251714,
        1.2806830309498398
    ],
    "task_3_epoch_1": [
        98.95981087470449,
        74.09402546523016,
        2.614727854855923
    ],
    "task_3_epoch_2": [
        99.05437352245863,
        73.70225269343781,
        6.189967982924227
    ],
    "task_3_epoch_5": [
        99.14893617021276,
        71.25367286973555,
        25.720384204909287
    ],
    "task_3_epoch_10": [
        98.86524822695036,
        65.86679725759059,
        51.33404482390609
    ],
    "task_3_epoch_25": [
        90.87470449172577,
        54.16258570029383,
        72.94557097118464
    ],
    "task_3_epoch_40": [
        84.77541371158392,
        49.265426052889325,
        78.49519743863394
    ],
    "task_3_epoch_45": [
        84.01891252955083,
        48.72673849167482,
        79.72251867662753
    ],
    "task_3_epoch_48": [
        83.02600472813239,
        47.25759059745347,
        80.4162219850587
    ],
    "task_3_epoch_49": [
        83.21513002364065,
        47.64936336924584,
        80.52294557097119
    ],
    "task_4_epoch_0": [
        82.83687943262412,
        46.523016650342804,
        80.20277481323373,
        3.0211480362537766
    ],
    "task_4_epoch_1": [
        82.64775413711584,
        49.80411361410382,
        80.46958377801494,
        0.25176233635448136
    ],
    "task_4_epoch_2": [
        82.93144208037825,
        50.83251714005876,
        79.72251867662753,
        0.9566968781470292
    ],
    "task_4_epoch_5": [
        83.02600472813239,
        52.007835455435846,
        78.97545357524012,
        16.414904330312186
    ],
    "task_4_epoch_10": [
        82.78959810874704,
        51.02840352595494,
        78.7086446104589,
        37.210473313192345
    ],
    "task_4_epoch_25": [
        82.5531914893617,
        46.66993143976494,
        78.38847385272145,
        58.962739174219536
    ],
    "task_4_epoch_40": [
        82.41134751773049,
        44.17238001958864,
        77.85485592315902,
        66.76737160120845
    ],
    "task_4_epoch_45": [
        82.41134751773049,
        43.388834476003915,
        77.6947705442903,
        68.02618328298087
    ],
    "task_4_epoch_48": [
        82.36406619385342,
        42.80117531831537,
        77.74813233724653,
        69.28499496475328
    ],
    "task_4_epoch_49": [
        82.41134751773049,
        42.89911851126347,
        77.6947705442903,
        69.53675730110776
    ],
    "task_5_epoch_0": [
        82.31678486997636,
        40.69539666993144,
        76.46744930629669,
        69.58710976837865,
        13.061018658598083
    ],
    "task_5_epoch_1": [
        80.8983451536643,
        39.764936336924585,
        78.76200640341516,
        70.69486404833837,
        0.10085728693898136
    ],
    "task_5_epoch_2": [
        81.13475177304964,
        39.03036238981391,
        78.7086446104589,
        70.34239677744209,
        0.2017145738779627
    ],
    "task_5_epoch_5": [
        82.36406619385342,
        40.00979431929481,
        78.01494130202775,
        70.04028197381672,
        1.714573877962683
    ],
    "task_5_epoch_10": [
        84.25531914893617,
        41.6258570029383,
        76.20064034151548,
        69.03323262839879,
        6.354009077155824
    ],
    "task_5_epoch_25": [
        87.42316784869976,
        41.674828599412336,
        72.89220917822838,
        67.87512588116817,
        17.90216843166919
    ],
    "task_5_epoch_40": [
        88.46335697399526,
        40.69539666993144,
        71.02454642475988,
        67.82477341389728,
        25.56732223903177
    ],
    "task_5_epoch_45": [
        88.60520094562648,
        40.40156709108717,
        70.70437566702242,
        67.6737160120846,
        28.088754412506304
    ],
    "task_5_epoch_48": [
        88.46335697399526,
        39.81390793339863,
        70.11739594450374,
        67.42195367573011,
        29.853756933938474
    ],
    "task_5_epoch_49": [
        88.51063829787233,
        39.86287952987267,
        70.06403415154749,
        67.472306143001,
        30.05547150781644
    ]
}