{
    "task_1_epoch_0": [
        20.66193853427896
    ],
    "task_1_epoch_1": [
        99.81087470449172
    ],
    "task_1_epoch_2": [
        99.8581560283688
    ],
    "task_1_epoch_5": [
        99.8581560283688
    ],
    "task_1_epoch_10": [
        99.90543735224587
    ],
    "task_1_epoch_25": [
        99.95271867612293
    ],
    "task_1_epoch_40": [
        99.90543735224587
    ],
    "task_1_epoch_45": [
        99.90543735224587
    ],
    "task_1_epoch_48": [
        99.90543735224587
    ],
    "task_1_epoch_49": [
        99.90543735224587
    ],
    "task_2_epoch_0": [
        99.76359338061465,
        21.449559255631733
    ],
    "task_2_epoch_1": [
        99.90543735224587,
        12.732615083251714
    ],
    "task_2_epoch_2": [
        99.8581560283688,
        28.99118511263467
    ],
    "task_2_epoch_5": [
        99.81087470449172,
        52.9382957884427
    ],
    "task_2_epoch_10": [
        99.8581560283688,
        63.07541625857003
    ],
    "task_2_epoch_25": [
        99.47990543735224,
        70.02938295788442
    ],
    "task_2_epoch_40": [
        99.2434988179669,
        71.49853085210577
    ],
    "task_2_epoch_45": [
        99.19621749408984,
        72.2820763956905
    ],
    "task_2_epoch_48": [
        99.19621749408984,
        72.2820763956905
    ],
    "task_2_epoch_49": [
        99.19621749408984,
        71.93927522037218
    ],
    "task_3_epoch_0": [
        98.91252955082741,
        69.44172380019589,
        8.217716115261473
    ],
    "task_3_epoch_1": [
        99.00709219858156,
        72.86973555337904,
        0.42689434364994666
    ],
    "task_3_epoch_2": [
        99.10165484633569,
        72.47796278158668,
        2.1878335112059766
    ],
    "task_3_epoch_5": [
        99.00709219858156,
        70.47012732615083,
        20.384204909284954
    ],
    "task_3_epoch_10": [
        98.58156028368793,
        64.44662095984329,
        49.57310565635005
    ],
    "task_3_epoch_25": [
        88.274231678487,
        52.44857982370226,
        70.49092849519744
    ],
    "task_3_epoch_40": [
        82.12765957446808,
        49.216454456415285,
        77.21451440768409
    ],
    "task_3_epoch_45": [
        81.0401891252955,
        48.4818805093046,
        78.76200640341516
    ],
    "task_3_epoch_48": [
        80.0,
        47.0617042115573,
        79.29562433297758
    ],
    "task_3_epoch_49": [
        80.28368794326242,
        47.64936336924584,
        79.45570971184632
    ],
    "task_4_epoch_0": [
        79.81087470449172,
        46.86581782566112,
        79.50907150480256,
        0.6545820745216516
    ],
    "task_4_epoch_1": [
        78.77068557919623,
        47.20861900097943,
        80.25613660618997,
        0.0
    ],
    "task_4_epoch_2": [
        79.00709219858156,
        48.0411361410382,
        79.40234791889007,
        0.1510574018126888
    ],
    "task_4_epoch_5": [
        79.71631205673759,
        49.216454456415285,
        77.80149413020277,
        7.603222557905337
    ],
    "task_4_epoch_10": [
        80.0,
        48.97159647404506,
        77.21451440768409,
        33.48439073514602
    ],
    "task_4_epoch_25": [
        80.94562647754137,
        45.93535749265426,
        76.04055496264675,
        58.610271903323266
    ],
    "task_4_epoch_40": [
        80.94562647754137,
        43.92752203721842,
        75.1334044823906,
        67.32124874118833
    ],
    "task_4_epoch_45": [
        80.99290780141844,
        43.82957884427032,
        74.97331910352187,
        68.7814702920443
    ],
    "task_4_epoch_48": [
        80.94562647754137,
        43.48677766895201,
        75.08004268943436,
        70.49345417925478
    ],
    "task_4_epoch_49": [
        81.0401891252955,
        43.29089128305583,
        75.02668089647813,
        70.59415911379658
    ],
    "task_5_epoch_0": [
        81.0401891252955,
        42.99706170421156,
        74.97331910352187,
        70.84592145015107,
        0.0
    ],
    "task_5_epoch_1": [
        78.86524822695036,
        41.72380019588638,
        78.49519743863394,
        70.1409869083585,
        0.0
    ],
    "task_5_epoch_2": [
        77.39952718676123,
        40.59745347698335,
        78.76200640341516,
        69.73816717019133,
        0.05042864346949068
    ],
    "task_5_epoch_5": [
        77.11583924349881,
        40.35259549461313,
        77.6947705442903,
        69.28499496475328,
        1.1598587997982854
    ],
    "task_5_epoch_10": [
        79.19621749408984,
        41.087169441723795,
        76.52081109925294,
        69.13393756294059,
        4.841149773071105
    ],
    "task_5_epoch_25": [
        82.78959810874704,
        40.79333986287953,
        71.45144076840982,
        68.42900302114803,
        18.910741301059
    ],
    "task_5_epoch_40": [
        84.11347517730496,
        39.22624877571009,
        67.39594450373532,
        67.97583081570997,
        26.77760968229955
    ],
    "task_5_epoch_45": [
        84.30260047281324,
        39.22624877571009,
        66.48879402347919,
        67.87512588116817,
        29.1981845688351
    ],
    "task_5_epoch_48": [
        84.53900709219859,
        39.520078354554364,
        66.27534685165422,
        67.6737160120846,
        30.458900655572364
    ],
    "task_5_epoch_49": [
        84.39716312056737,
        38.98139079333986,
        65.74172892209178,
        67.7240684793555,
        30.610186585980838
    ]
}