{
    "task_1_epoch_0": [
        45.7210401891253
    ],
    "task_1_epoch_1": [
        99.76359338061465
    ],
    "task_1_epoch_2": [
        99.90543735224587
    ],
    "task_1_epoch_5": [
        99.95271867612293
    ],
    "task_1_epoch_10": [
        99.95271867612293
    ],
    "task_1_epoch_25": [
        99.95271867612293
    ],
    "task_1_epoch_40": [
        99.95271867612293
    ],
    "task_1_epoch_45": [
        99.95271867612293
    ],
    "task_1_epoch_48": [
        99.95271867612293
    ],
    "task_1_epoch_49": [
        99.95271867612293
    ],
    "task_2_epoch_0": [
        99.66903073286052,
        17.43388834476004
    ],
    "task_2_epoch_1": [
        99.90543735224587,
        15.279138099902056
    ],
    "task_2_epoch_2": [
        99.90543735224587,
        33.30068560235064
    ],
    "task_2_epoch_5": [
        99.8581560283688,
        55.9745347698335
    ],
    "task_2_epoch_10": [
        99.76359338061465,
        64.64250734573947
    ],
    "task_2_epoch_25": [
        99.47990543735224,
        71.93927522037218
    ],
    "task_2_epoch_40": [
        98.95981087470449,
        73.84916748285994
    ],
    "task_2_epoch_45": [
        98.77068557919621,
        75.02448579823702
    ],
    "task_2_epoch_48": [
        98.72340425531915,
        75.07345739471106
    ],
    "task_2_epoch_49": [
        98.62884160756501,
        75.36728697355534
    ],
    "task_3_epoch_0": [
        98.62884160756501,
        75.17140058765915,
        1.8676627534685166
    ],
    "task_3_epoch_1": [
        98.72340425531915,
        75.2203721841332,
        0.5336179295624333
    ],
    "task_3_epoch_2": [
        98.67612293144208,
        74.97551420176298,
        2.0277481323372464
    ],
    "task_3_epoch_5": [
        99.10165484633569,
        71.93927522037218,
        17.876200640341516
    ],
    "task_3_epoch_10": [
        99.00709219858156,
        66.35651322233105,
        45.30416221985058
    ],
    "task_3_epoch_25": [
        93.14420803782507,
        52.9382957884427,
        72.51867662753469
    ],
    "task_3_epoch_40": [
        87.84869976359339,
        48.33496571988247,
        78.49519743863394
    ],
    "task_3_epoch_45": [
        86.52482269503547,
        47.60039177277179,
        80.042689434365
    ],
    "task_3_epoch_48": [
        85.67375886524823,
        46.81684622918707,
        80.36286019210246
    ],
    "task_3_epoch_49": [
        85.76832151300236,
        46.86581782566112,
        80.68303094983992
    ],
    "task_4_epoch_0": [
        85.62647754137116,
        46.81684622918707,
        80.7897545357524,
        0.0
    ],
    "task_4_epoch_1": [
        85.34278959810875,
        48.97159647404506,
        80.52294557097119,
        0.0
    ],
    "task_4_epoch_2": [
        85.29550827423168,
        50.68560235063663,
        79.61579509071505,
        0.3021148036253776
    ],
    "task_4_epoch_5": [
        85.34278959810875,
        51.17531831537708,
        79.08217716115261,
        12.83987915407855
    ],
    "task_4_epoch_10": [
        85.57919621749409,
        48.28599412340842,
        79.1889007470651,
        35.24672708962739
    ],
    "task_4_epoch_25": [
        84.44444444444444,
        45.641527913809995,
        79.24226254002134,
        59.06344410876133
    ],
    "task_4_epoch_40": [
        83.68794326241135,
        44.07443682664055,
        79.1889007470651,
        66.81772406847935
    ],
    "task_4_epoch_45": [
        83.40425531914893,
        43.388834476003915,
        78.7086446104589,
        68.932527693857
    ],
    "task_4_epoch_48": [
        83.3096926713948,
        43.09500489715965,
        78.60192102454643,
        69.73816717019133
    ],
    "task_4_epoch_49": [
        83.35697399527187,
        43.04603330068561,
        78.60192102454643,
        70.1913393756294
    ],
    "task_5_epoch_0": [
        83.21513002364065,
        42.89911851126347,
        78.49519743863394,
        70.34239677744209,
        0.0
    ],
    "task_5_epoch_1": [
        81.13475177304964,
        41.33202742409402,
        79.5624332977588,
        70.79556898288017,
        0.0
    ],
    "task_5_epoch_2": [
        80.33096926713948,
        39.91185112634672,
        80.042689434365,
        71.14803625377644,
        0.05042864346949068
    ],
    "task_5_epoch_5": [
        82.08037825059101,
        40.156709108716946,
        79.66915688367129,
        71.09768378650554,
        2.6727181038830055
    ],
    "task_5_epoch_10": [
        84.68085106382979,
        39.66699314397649,
        78.49519743863394,
        70.44310171198389,
        8.169440242057489
    ],
    "task_5_epoch_25": [
        88.08510638297872,
        39.32419196865818,
        75.88046958377801,
        69.58710976837865,
        20.272314674735252
    ],
    "task_5_epoch_40": [
        88.98345153664302,
        39.373163565132224,
        73.37246531483459,
        68.7814702920443,
        27.735753908219866
    ],
    "task_5_epoch_45": [
        88.93617021276596,
        39.17727717923604,
        72.83884738527215,
        68.63041289023161,
        30.206757438224912
    ],
    "task_5_epoch_48": [
        88.74704491725768,
        38.93241919686582,
        72.62540021344716,
        68.58006042296071,
        31.61875945537065
    ],
    "task_5_epoch_49": [
        88.74704491725768,
        39.03036238981391,
        72.51867662753469,
        68.52970795568983,
        32.02218860312658
    ]
}